{
    "train_accuracy": 0.08838235586881638,
    "validation_accuracy": 0.08176470547914505,
    "test_accuracy": 0.07058823853731155,
    "train_accuracy_per_epoch": [
        0.0235294122248888,
        0.02705882303416729,
        0.025441177189350128,
        0.024117646738886833,
        0.028235293924808502,
        0.025882352143526077,
        0.02764705941081047,
        0.028382353484630585,
        0.0291176475584507,
        0.029852941632270813,
        0.03191176429390907,
        0.037205882370471954,
        0.043529409915208817,
        0.04647058993577957,
        0.04573529586195946,
        0.04838235303759575,
        0.047647058963775635,
        0.04911764711141586,
        0.05014706030488014,
        0.054411765187978745,
        0.06147058680653572,
        0.06735294312238693,
        0.06970588117837906,
        0.0719117671251297,
        0.0719117671251297,
        0.07397058606147766,
        0.08161764591932297,
        0.07632353156805038,
        0.08161764591932297,
        0.08338235318660736
    ],
    "val_accuracy_per_epoch": [
        0.029411764815449715,
        0.028823530301451683,
        0.029999999329447746,
        0.030588235706090927,
        0.02705882303416729,
        0.03176470473408699,
        0.03117647022008896,
        0.03235294297337532,
        0.029411764815449715,
        0.029999999329447746,
        0.0394117645919323,
        0.04117647185921669,
        0.042941175401210785,
        0.038235295563936234,
        0.04647058993577957,
        0.04588235169649124,
        0.048235293477773666,
        0.042941175401210785,
        0.05470588058233261,
        0.06529411673545837,
        0.06294117867946625,
        0.06647058576345444,
        0.07000000029802322,
        0.0752941146492958,
        0.08294117450714111,
        0.0694117620587349,
        0.08235294371843338,
        0.07352941483259201,
        0.07999999821186066,
        0.08176470547914505
    ],
    "train_loss_per_epoch": [
        3.529726028442383,
        3.5266921520233154,
        3.5267534255981445,
        3.52651309967041,
        3.5266451835632324,
        3.526784896850586,
        3.526562452316284,
        3.525341033935547,
        3.5256428718566895,
        3.5222713947296143,
        3.5192151069641113,
        3.509737491607666,
        3.502912998199463,
        3.4963276386260986,
        3.4933574199676514,
        3.4825148582458496,
        3.4729297161102295,
        3.450334072113037,
        3.415134906768799,
        3.3540525436401367,
        3.300476312637329,
        3.2763030529022217,
        3.2543516159057617,
        3.2224485874176025,
        3.197342872619629,
        3.193192720413208,
        3.176757574081421,
        3.1590042114257812,
        3.150146961212158,
        3.143172025680542
    ],
    "val_loss_per_epoch": [
        3.5263214111328125,
        3.5263724327087402,
        3.5263419151306152,
        3.526280403137207,
        3.526190757751465,
        3.526129961013794,
        3.5259687900543213,
        3.5255465507507324,
        3.525690793991089,
        3.5221145153045654,
        3.516458511352539,
        3.508150815963745,
        3.5016398429870605,
        3.508204936981201,
        3.479437828063965,
        3.4757461547851562,
        3.4662435054779053,
        3.4761581420898438,
        3.4091107845306396,
        3.313585042953491,
        3.2756118774414062,
        3.277440071105957,
        3.233078956604004,
        3.237544298171997,
        3.1973605155944824,
        3.2070960998535156,
        3.1942291259765625,
        3.1402435302734375,
        3.145798683166504,
        3.1244733333587646
    ],
    "classification_report": {
        "Baked Potato": {
            "precision": 0.0,
            "recall": 0.0,
            "f1-score": 0.0,
            "support": 10.0
        },
        "Crispy Chicken": {
            "precision": 0.0,
            "recall": 0.0,
            "f1-score": 0.0,
            "support": 10.0
        },
        "Donut": {
            "precision": 0.0,
            "recall": 0.0,
            "f1-score": 0.0,
            "support": 10.0
        },
        "Fries": {
            "precision": 0.027777777777777776,
            "recall": 0.1,
            "f1-score": 0.043478260869565216,
            "support": 10.0
        },
        "Hot Dog": {
            "precision": 0.0,
            "recall": 0.0,
            "f1-score": 0.0,
            "support": 10.0
        },
        "Sandwich": {
            "precision": 0.06451612903225806,
            "recall": 0.4,
            "f1-score": 0.1111111111111111,
            "support": 10.0
        },
        "Taco": {
            "precision": 0.0,
            "recall": 0.0,
            "f1-score": 0.0,
            "support": 10.0
        },
        "Taquito": {
            "precision": 0.0,
            "recall": 0.0,
            "f1-score": 0.0,
            "support": 10.0
        },
        "apple_pie": {
            "precision": 0.0,
            "recall": 0.0,
            "f1-score": 0.0,
            "support": 10.0
        },
        "burger": {
            "precision": 0.041666666666666664,
            "recall": 0.2,
            "f1-score": 0.06896551724137931,
            "support": 10.0
        },
        "butter_naan": {
            "precision": 0.0,
            "recall": 0.0,
            "f1-score": 0.0,
            "support": 10.0
        },
        "chai": {
            "precision": 0.0,
            "recall": 0.0,
            "f1-score": 0.0,
            "support": 10.0
        },
        "chapati": {
            "precision": 0.0,
            "recall": 0.0,
            "f1-score": 0.0,
            "support": 10.0
        },
        "cheesecake": {
            "precision": 0.4444444444444444,
            "recall": 0.4,
            "f1-score": 0.42105263157894735,
            "support": 10.0
        },
        "chicken_curry": {
            "precision": 0.0,
            "recall": 0.0,
            "f1-score": 0.0,
            "support": 10.0
        },
        "chole_bhature": {
            "precision": 0.0,
            "recall": 0.0,
            "f1-score": 0.0,
            "support": 10.0
        },
        "dal_makhani": {
            "precision": 0.0,
            "recall": 0.0,
            "f1-score": 0.0,
            "support": 10.0
        },
        "dhokla": {
            "precision": 0.0,
            "recall": 0.0,
            "f1-score": 0.0,
            "support": 10.0
        },
        "fried_rice": {
            "precision": 0.0,
            "recall": 0.0,
            "f1-score": 0.0,
            "support": 10.0
        },
        "ice_cream": {
            "precision": 0.14545454545454545,
            "recall": 0.8,
            "f1-score": 0.24615384615384617,
            "support": 10.0
        },
        "idli": {
            "precision": 0.0,
            "recall": 0.0,
            "f1-score": 0.0,
            "support": 10.0
        },
        "jalebi": {
            "precision": 0.25,
            "recall": 0.1,
            "f1-score": 0.14285714285714285,
            "support": 10.0
        },
        "kaathi_rolls": {
            "precision": 0.0,
            "recall": 0.0,
            "f1-score": 0.0,
            "support": 10.0
        },
        "kadai_paneer": {
            "precision": 0.07547169811320754,
            "recall": 0.4,
            "f1-score": 0.12698412698412698,
            "support": 10.0
        },
        "kulfi": {
            "precision": 0.0,
            "recall": 0.0,
            "f1-score": 0.0,
            "support": 10.0
        },
        "masala_dosa": {
            "precision": 0.0,
            "recall": 0.0,
            "f1-score": 0.0,
            "support": 10.0
        },
        "momos": {
            "precision": 0.0,
            "recall": 0.0,
            "f1-score": 0.0,
            "support": 10.0
        },
        "omelette": {
            "precision": 0.0,
            "recall": 0.0,